{
  "project_info": {
    "project_number": "518181155041",
    "project_id": "mapapp-fdee7",
    "storage_bucket": "mapapp-fdee7.firebasestorage.app"
  },
  "client": [
    {
      "client_info": {
        "mobilesdk_app_id": "1:518181155041:android:4dfb08a7c1c9a4cabb87a0",
        "android_client_info": {
          "package_name": "com.example.mapapp"
        }
      },
      "oauth_client": [
        {
          "client_id": "518181155041-8nq9senatk6qeo7u3758jqq40ekg9m30.apps.googleusercontent.com",
          "client_type": 1,
          "android_info": {
            "package_name": "com.example.mapapp",
            "certificate_hash": "229473a14221f9a1d1bf01a8dcc80271301df1c7"
          }
        },
        {
          "client_id": "518181155041-kg5av9gftij71foqiaio4ebsodl3r3de.apps.googleusercontent.com",
          "client_type": 3
        }
      ],
      "api_key": [
        {
          "current_key": "AIzaSyBEDpCpT0RhSl2MNEWqGITtyIXeS3AguaM"
        }
      ],
      "services": {
        "appinvite_service": {
          "other_platform_oauth_client": [
            {
              "client_id": "518181155041-kg5av9gftij71foqiaio4ebsodl3r3de.apps.googleusercontent.com",
              "client_type": 3
            }
          ]
        }
      }
    }
  ],
  "configuration_version": "1"
}